player,team,rush yards,rush td
Derrick Henry,TEN,869,10
Joe Mixon,CIN,539,4
Alvin Kamara,NOR,419,1
Jonathan Taylor,IND,579,5
Antonio Gibson,WAS,408,3
Ezekiel Elliott,DAL,521,5
Najee Harris,PIT,388,2
Darrell Henderson,LAR,417,4
Damien Harris,NWE,437,5
Leonard Fournette,TAM,413,4
Mark Ingram,HOU,294,1
Nick Chubb,CLE,523,4
James Conner,ARI,336,6
Aaron Jones,GNB,404,2
Chuba Hubbard,CAR,309,1
James Robinson,JAX,460,5
Dalvin Cook,MIN,366,2
Melvin Gordon,DEN,350,2
D'Andre Swift,DET,262,3
Lamar Jackson,BAL,480,2
Austin Ekeler,LAC,356,4
Jamaal Williams,DET,312,2
Kareem Hunt,CLE,361,5
David Montgomery,CHI,309,3
Javonte Williams,DEN,320,1
Chase Edmonds,ARI,397,0
Alexander Mattison,MIN,268,0
Mike Davis,ATL,214,1
Jalen Hurts,PHI,361,5
Clyde Edwards-Helaire,KAN,304,0
Alex Collins,SEA,260,2
Elijah Mitchell,SFO,296,2
Miles Sanders,PHI,300,0
Tony Pollard,DAL,366,1
Josh Jacobs,LVR,204,5
Devin Singletary,BUF,311,1
Latavius Murray,BAL,212,4
Michael Carter,NYJ,202,2
Khalil Herbert,CHI,279,1
Sony Michel,LAR,209,1
Cordarrelle Patterson,ATL,233,2
Saquon Barkley,NYG,195,2
Chris Carson,SEA,232,3
Myles Gaskin,MIA,243,0
Zack Moss,BUF,208,3
AJ Dillon,GNB,231,0
Christian McCaffrey,CAR,201,1
Darrel Williams,KAN,181,4
Devontae Booker,NYG,156,2
Josh Allen,BUF,214,2
Kyler Murray,ARI,126,3
Kenyan Drake,LVR,160,2
Daniel Jones,NYG,229,2
Ronald Jones II,TAM,181,1
Phillip Lindsay,HOU,97,1
Peyton Barber,LVR,143,1
Taylor Heinicke,WAS,222,1
Damien Williams,CHI,142,2
Justin Fields,CHI,140,1
Nyheim Hines,IND,115,1
Malcolm Brown,MIA,125,1
Ty'Son Williams,BAL,180,1
Patrick Mahomes,KAN,219,1
Ty Johnson,NYJ,101,1
Samaje Perine,CIN,139,1
Trey Sermon,SFO,135,1
J.D. McKissic,WAS,122,1
Salvon Ahmed,MIA,75,0
Marlon Mack,IND,101,0
Jameis Winston,NOR,126,1
David Johnson,HOU,104,0
Trey Lance,SFO,133,1
Sam Darnold,CAR,110,5
Kenneth Gainwell,PHI,120,2
Trevor Lawrence,JAX,121,2
D'Ernest Johnson,CLE,157,1
Carlos Hyde,JAX,108,0
Larry Rountree,LAC,60,0
Dak Prescott,DAL,70,0
Carson Wentz,IND,97,1
Tevin Coleman,NYJ,73,0
Justin Herbert,LAC,72,1
Ryan Tannehill,TEN,139,3
Derek Carr,LVR,29,0
Devonta Freeman,BAL,109,2
Baker Mayfield,CLE,75,1
Matthew Stafford,LAR,24,0
Tony Jones,NOR,77,0
Joe Burrow,CIN,44,0
Le'Veon Bell,BAL,34,1
Teddy Bridgewater,DEN,69,0
Jimmy Garoppolo,SFO,26,1
Elijhaa Penny,NYG,54,1
Rhamondre Stevenson,NWE,48,1
Russell Wilson,SEA,68,1
Jacoby Brissett,MIA,57,1
Taysom Hill,NOR,77,3
Aaron Rodgers,GNB,44,2
Royce Freeman,CAR,52,0
Tom Brady,TAM,37,1
Jared Goff,DET,76,0
Mac Jones,NWE,45,0
J.J. Taylor,NWE,26,2
Tua Tagovailoa,MIA,52,1
Brandon Bolden,NWE,28,0
Kylin Hill,GNB,24,0
Justin Jackson,LAC,22,0
Matt Ryan,ATL,26,0
Mitchell Trubisky,BUF,27,1
James White,NWE,38,1
DeeJay Dallas,SEA,29,0
Jamycal Hasty,SFO,42,1
Rondale Moore,ARI,60,0
Jaret Patterson,WAS,28,0
Kirk Cousins,MIN,57,0
Wayne Gallman,ATL,33,0
Rashaad Penny,SEA,17,0
Ben Roethlisberger,PIT,6,0
Benny Snell Jr.,PIT,21,0
Zach Wilson,NYJ,22,0
Ameer Abdullah,2TM,30,0
Kyle Juszczyk,SFO,16,0
Case Keenum,CLE,7,0
Colt McCoy,ARI,-6,0
Jeremy McNichols,TEN,38,0
Davis Mills,HOU,8,0
Boston Scott,PHI,24,1
Geno Smith,SEA,34,0
Kalen Ballage,PIT,15,0
Blaine Gabbert,TAM,-4,0
Joshua Kelley,LAC,24,0
Deebo Samuel,SFO,22,1
Trayveon Williams,CIN,13,0
C.J. Ham,MIN,34,0
Tyreek Hill,KAN,63,0
Travis Homer,SEA,51,0
D.J. Moore,CAR,21,0
Jalen Richard,LVR,8,0
Keith Smith,ATL,18,0
Tyrod Taylor,HOU,55,1
Ke'Shawn Vaughn,TAM,27,0
Jonathan Ward,ARI,21,0
Giovani Bernard,TAM,21,0
Matt Breida,BUF,4,0
Andy Dalton,CHI,38,0
Chris Evans,CIN,18,0
Jalen Guyton,LAC,32,0
Mecole Hardman,KAN,33,0
CeeDee Lamb,DAL,18,0
Jerick McKinnon,KAN,12,0
Freddie Swain,SEA,29,0
Robert Woods,LAR,18,0
Brandon Allen,CIN,-3,0
Alex Armah,NOR,9,0
Michael Burton,KAN,9,0
Trenton Cannon,2TM,4,0
DeAndre Carter,WAS,40,0
Corey Clement,DAL,0,0
Damarea Crockett,DEN,7,0
Reggie Gilliam,BUF,3,0
Brian Hoyer,NWE,-3,0
Tyler Huntley,BAL,10,0
Jordan Love,GNB,-3,0
Isaiah McKenzie,BUF,10,0
Ty Montgomery,NOR,11,0
Henry Ruggs III,LVR,16,0
Anthony Schwartz,CLE,12,0
Laviska Shenault Jr.,JAX,20,0
Jonnu Smith,NWE,16,0
JuJu Smith-Schuster,PIT,9,1
Nelson Agholor,NWE,5,0
Jamal Agnew,JAX,19,0
Brandon Aiyuk,SFO,11,0
Cameron Batson,TEN,15,0
Odell Beckham Jr.,CLE,14,0
Eno Benjamin,ARI,7,0
Braxton Berrios,NYJ,15,0
Kendrick Bourne,NWE,28,0
Chase Claypool,PIT,22,0
Devin Duvernay,BAL,9,0
D'Wayne Eskridge,SEA,22,0
Darrynton Evans,TEN,7,0
Demetric Felton,CLE,13,0
Mike Glennon,NYG,2,0
Marquise Goodwin,CHI,-1,0
Alec Ingold,LVR,1,0
Andy Janovich,CLE,0,1
John Kelly,CLE,13,0
Jarvis Landry,CLE,13,1
Marcus Mariota,LVR,35,0
Raheem Mostert,SFO,20,0
Dare Ogunbowale,JAX,3,0
Jacques Patrick,SFO,12,0
Nathan Peterman,LVR,2,0
Michael Pittman Jr.,IND,8,0
Kalif Raymond,DET,10,0
Jalen Reagor,PHI,12,0
Mekhi Sargent,TEN,4,0
Johnny Stanton,CLE,5,0
Kadarius Toney,NYG,8,0
Tommy Tremble,CAR,7,1
Cedrick Wilson Jr.,DAL,11,0
John Wolford,LAR,-1,0
Jordan Akins,HOU,3,0
Robby Anderson,CAR,3,0
Blake Bell,KAN,2,0
C.J. Board,NYG,6,0
Gary Brightwell,NYG,4,0
A.J. Brown,TEN,3,0
Antonio Brown,TAM,6,0
Dyami Brown,WAS,-4,0
Marquise Brown,BAL,5,0
Rex Burkhead,HOU,-1,0
Ja'Marr Chase,CIN,-2,0
Randall Cobb,GNB,1,0
Brandin Cooks,HOU,5,0
Jaelon Darden,TAM,11,0
Ashton Dulin,IND,-7,0
Eric Ebron,PIT,1,1
Evan Engram,NYG,-3,0
Zach Ertz,2TM,4,0
Gerald Everett,SEA,12,0
Ryan Fitzpatrick,WAS,2,0
Feleipe Franks,ATL,3,0
Jake Funk,LAR,6,0
Jamie Gillan,CLE,0,0
Chris Godwin,TAM,2,1
Deonte Harris,NOR,1,0
Johnny Hekker,LAR,0,0
Chad Henne,KAN,4,0
Diontae Johnson,PIT,25,0
Marcus Johnson,TEN,5,0
Christian Kirk,ARI,11,0
George Kittle,SFO,9,0
Cole Kmet,CHI,0,0
Cooper Kupp,LAR,-5,0
Darnell Mooney,CHI,10,0
C.J. Moore,DET,28,0
Elijah Moore,NYJ,19,1
Gabe Nabers,LAC,2,0
K.J. Osborn,MIN,10,0
Devine Ozigbo,NOR,-3,0
Patrick Ricard,BAL,2,0
Chester Rogers,TEN,9,0
Curtis Samuel,WAS,8,0
Emmanuel Sanders,BUF,7,0
Sterling Shepard,NYG,-9,0
Cam Sims,WAS,7,0
Shi Smith,CAR,-3,0
Equanimeous St. Brown,GNB,13,0
Kenny Stills,NOR,1,0
Adam Thielen,MIN,2,0
Jaylen Waddle,MIA,2,0
Phillip Walker,CAR,13,0
Dwayne Washington,NOR,5,0
Preston Williams,MIA,7,0
Logan Woodside,TEN,-1,0
